"request ID","Function ID","STATUS","Container ID","Data center ID","Final VM ID","Execution Time","Start Time","Finish Time","Response Time","Vm List"
"Vm # ","1","On time  ","0.0","Off time  ","1.07"
"Vm # ","2","On time  ","0.0","Off time  ","2.24"
"Vm # ","3","On time  ","0.0","Off time  ","3.17"
"Vm # ","4","On time  ","0.0","Off time  ","3.9"
"Vm # ","5","On time  ","0.0","Off time  ","5.39"
"Vm # ","6","On time  ","0.0","Off time  ","6.1"
"Vm # ","7","On time  ","0.0","Off time  ","7.01"
"Vm # ","8","On time  ","0.0","Off time  ","7.67"
"Vm # ","9","On time  ","0.0","Off time  ","8.43"
"Vm # ","10","On time  ","0.0","Off time  ","9.03"
"Vm # ","11","On time  ","0.0","Off time  ","9.59"
"Vm # ","12","On time  ","0.0","Off time  ","9.969999999999999"
"Vm # ","13","On time  ","0.0","Off time  ","11.84"
"Vm # ","14","On time  ","0.0","Off time  ","12.34"
"Vm # ","15","On time  ","0.0","Off time  ","13.151"
"Vm # ","16","On time  ","0.0","Off time  ","13.83"
"Vm # ","17","On time  ","0.0","Off time  ","14.33"
"Vm # ","18","On time  ","0.0","Off time  ","14.809999999999999"
"Vm # ","19","On time  ","0.0","Off time  ","15.049999999999999"
"Vm # ","20","On time  ","0.0","Off time  ","15.87"
"Average VM utilization  ","0.250056120681044"
"Average VM Count # ","19.934539852136417"
"Successful Request Count # ","0"
"Dropped Request Count # ","0"
"Average Request Response Time # ","NaN"
"Dropped Request Ratio # ","NaN"
